City_ID,City,Country,Date,Lat,Lng,Max Temp,Humidity,Cloudiness,Wind Speed
0,Cape Town,ZA,2021-04-27 19:26:24,-33.9258,18.4232,62.01,88,20,6.91
1,Sisimiut,GL,2021-04-27 19:28:52,66.9395,-53.6735,34.59,83,100,8.99
2,Sechura,PE,2021-04-27 19:28:53,-5.5569,-80.8222,80.11,57,78,11.34
3,Hamilton,US,2021-04-27 19:28:53,39.1834,-84.5333,82.0,34,1,18.41
4,Pevek,RU,2021-04-27 19:28:53,69.7008,170.3133,6.55,97,97,3.42
5,Sibolga,ID,2021-04-27 19:28:53,1.7427,98.7792,77.07,86,100,3.24
6,Banjar,ID,2021-04-27 19:28:54,-8.19,114.9675,80.6,78,20,6.91
7,Kapaa,US,2021-04-27 19:28:54,22.0752,-159.319,79.0,73,1,4.61
8,Valdivia,CL,2021-04-27 19:28:54,-39.8142,-73.2459,57.2,94,90,2.3
9,Mataura,NZ,2021-04-27 19:28:54,-46.1927,168.8643,41.0,84,100,5.01
10,Ushuaia,AR,2021-04-27 19:28:55,-54.8,-68.3,44.6,87,75,3.44
11,Castro,BR,2021-04-27 19:28:55,-24.7911,-50.0119,70.57,47,0,5.26
12,Lorengau,PG,2021-04-27 19:28:55,-2.0226,147.2712,80.56,75,100,1.21
13,Carnarvon,AU,2021-04-27 19:28:56,-24.8667,113.6333,64.4,82,0,5.75
14,Butaritari,KI,2021-04-27 19:28:56,3.0707,172.7902,81.86,77,30,9.98
15,Sitka,US,2021-04-27 19:28:56,57.0531,-135.33,48.2,57,90,13.8
16,Bethel,US,2021-04-27 19:28:56,41.3712,-73.414,68.0,26,1,12.66
17,Beringovskiy,RU,2021-04-27 19:28:57,63.05,179.3167,32.99,97,100,3.31
18,Fairbanks,US,2021-04-27 19:28:57,64.8378,-147.7164,42.8,28,20,16.11
19,Albany,US,2021-04-27 19:24:53,42.6001,-73.9662,66.0,19,97,1.99
20,Puerto Ayora,EC,2021-04-27 19:28:57,-0.7393,-90.3518,84.2,70,40,12.66
21,Verkhoyansk,RU,2021-04-27 19:28:57,67.5447,133.385,10.2,96,100,3.89
22,Mahebourg,MU,2021-04-27 19:28:58,-20.4081,57.7,77.0,88,75,14.97
23,Mount Gambier,AU,2021-04-27 19:28:58,-37.8333,140.7667,50.0,100,90,4.61
24,Ilulissat,GL,2021-04-27 19:28:58,69.2167,-51.1,37.4,70,75,3.44
25,Flinders,AU,2021-04-27 19:28:58,-34.5833,150.8552,57.99,87,100,1.01
26,Coquimbo,CL,2021-04-27 19:28:59,-29.9533,-71.3436,64.4,63,0,12.66
27,Hobart,AU,2021-04-27 19:28:59,-42.8794,147.3294,48.2,87,67,6.91
28,Arraial Do Cabo,BR,2021-04-27 19:29:00,-22.9661,-42.0278,77.0,83,75,9.22
29,Ust-Ishim,RU,2021-04-27 19:29:00,57.6935,71.1665,44.76,52,100,3.09
30,Tres Arroyos,AR,2021-04-27 19:29:00,-38.3739,-60.2798,68.5,54,0,10.96
31,Quesnel,CA,2021-04-27 19:29:01,52.9999,-122.5029,53.6,30,1,6.91
32,Owo,NG,2021-04-27 19:29:01,7.1962,5.5868,75.31,87,100,4.79
33,Cap Malheureux,MU,2021-04-27 19:29:01,-19.9842,57.6142,78.01,82,100,5.99
34,Lufilufi,WS,2021-04-27 19:29:01,-13.8745,-171.5986,82.4,89,75,9.22
35,Jamestown,US,2021-04-27 19:26:32,42.097,-79.2353,73.4,40,1,12.66
36,Lagoa,PT,2021-04-27 19:29:02,39.05,-27.9833,59.88,81,100,14.23
37,Visby,SE,2021-04-27 19:29:02,57.6409,18.296,41.0,70,90,12.66
38,Rikitea,PF,2021-04-27 19:24:49,-23.1203,-134.9692,77.32,70,0,8.03
39,Avera,US,2021-04-27 19:29:02,33.194,-82.5271,82.4,39,1,9.22
40,Port Hedland,AU,2021-04-27 19:29:03,-20.3167,118.5667,66.2,42,0,9.22
41,Coalinga,US,2021-04-27 19:29:03,36.1397,-120.3602,70.0,36,1,8.72
42,Saint-Pierre,RE,2021-04-27 19:29:03,-21.3393,55.4781,75.2,88,75,4.61
43,Airai,TL,2021-04-27 19:29:03,-8.9266,125.4092,56.3,74,20,1.16
44,Tuatapere,NZ,2021-04-27 19:29:04,-46.1333,167.6833,41.0,84,100,5.01
45,Iqaluit,CA,2021-04-27 19:29:04,63.7506,-68.5145,23.0,68,1,2.3
46,San Juan,AR,2021-04-27 19:27:36,-31.5375,-68.5364,79.56,26,0,4.09
47,Maldonado,UY,2021-04-27 19:29:04,-34.6667,-54.9167,66.0,68,75,9.22
48,Humberto De Campos,BR,2021-04-27 19:29:04,-2.5983,-43.4611,83.26,74,54,6.78
49,Berlevag,NO,2021-04-27 19:29:05,70.8578,29.0864,28.4,93,75,14.97
50,Souillac,MU,2021-04-27 19:29:05,-20.5167,57.5167,77.0,88,75,14.97
51,Xuddur,SO,2021-04-27 19:29:05,4.1213,43.8894,81.79,57,100,7.23
52,Saskylakh,RU,2021-04-27 19:29:06,71.9167,114.0833,27.32,92,99,13.11
53,Hermanus,ZA,2021-04-27 19:29:06,-34.4187,19.2345,62.01,80,100,5.86
54,Atuona,PF,2021-04-27 19:29:06,-9.8,-139.0333,79.68,70,90,16.84
55,Songjianghe,CN,2021-04-27 19:29:06,42.1859,127.479,41.2,85,100,7.27
56,Bluff,NZ,2021-04-27 19:29:07,-46.6,168.3333,41.0,84,100,5.01
57,Sao Filipe,CV,2021-04-27 19:29:07,14.8961,-24.4956,72.93,76,6,11.56
58,Kollam,IN,2021-04-27 19:29:07,8.8833,76.6,82.4,78,20,3.44
59,Port Alfred,ZA,2021-04-27 19:29:07,-33.5906,26.891,66.15,81,5,15.77
60,Muros,ES,2021-04-27 19:29:08,42.7762,-9.0603,60.01,75,16,13.82
61,Punta Arenas,CL,2021-04-27 19:29:08,-53.15,-70.9167,46.4,87,90,8.05
62,Murray Bridge,AU,2021-04-27 19:29:08,-35.1167,139.2667,50.0,99,100,1.54
63,Poum,NC,2021-04-27 19:29:09,-20.2333,164.0167,74.68,60,0,21.92
64,Mehamn,NO,2021-04-27 19:29:09,71.0357,27.8492,30.2,74,90,17.27
65,Upernavik,GL,2021-04-27 19:29:09,72.7868,-56.1549,34.14,87,100,19.17
66,Pangnirtung,CA,2021-04-27 19:29:09,66.1451,-65.7125,19.4,86,20,8.05
67,Sinnamary,GF,2021-04-27 19:29:10,5.3833,-52.95,76.01,84,100,0.74
68,Tabuk,PH,2021-04-27 19:29:10,17.4189,121.4443,72.03,82,84,0.92
69,Kutum,SD,2021-04-27 19:29:10,14.2,24.6667,79.81,11,42,7.38
70,Usolye,RU,2021-04-27 19:29:10,59.4268,56.6808,37.0,100,100,3.2
71,Darhan,MN,2021-04-27 19:29:11,49.4867,105.9228,36.43,61,90,5.44
72,Bam,IR,2021-04-27 19:29:11,29.106,58.357,78.35,20,2,8.32
73,Kavieng,PG,2021-04-27 19:29:11,-2.5744,150.7967,81.93,73,87,4.18
74,Maumere,ID,2021-04-27 19:29:11,-8.6199,122.2111,76.41,70,79,5.86
75,Camopi,GF,2021-04-27 19:29:12,3.1655,-52.3158,79.39,85,100,2.35
76,Tucurui,BR,2021-04-27 19:29:12,-3.7661,-49.6725,83.62,76,92,3.42
77,Nanortalik,GL,2021-04-27 19:29:12,60.1432,-45.2371,35.78,84,6,5.12
78,Okhotsk,RU,2021-04-27 19:29:12,59.3833,143.3,23.77,92,61,3.0
79,Pak Phanang,TH,2021-04-27 19:29:13,8.3511,100.202,78.67,83,100,3.8
80,Tura,IN,2021-04-27 19:29:13,25.5198,90.2201,77.27,47,92,4.21
81,Yar-Sale,RU,2021-04-27 19:29:13,66.8333,70.8333,30.31,97,100,9.89
82,Katobu,ID,2021-04-27 19:29:13,-4.9408,122.5276,74.57,93,8,2.71
83,Thompson,CA,2021-04-27 19:29:14,55.7435,-97.8558,24.8,58,75,18.41
84,Gizo,SB,2021-04-27 19:25:08,-8.103,156.8419,80.31,78,100,4.21
85,Kaitangata,NZ,2021-04-27 19:29:14,-46.2817,169.8464,42.01,78,88,5.01
86,Georgetown,MY,2021-04-27 19:29:14,5.4112,100.3354,80.6,89,40,3.49
87,Nikolskoye,RU,2021-04-27 19:29:14,59.7035,30.7861,37.4,65,75,4.47
88,Krasnoselkup,RU,2021-04-27 19:29:15,65.7,82.4667,32.16,98,100,7.27
89,Saint Anthony,US,2021-04-27 19:29:15,45.0205,-93.218,52.0,71,90,9.22
90,Rolla,US,2021-04-27 19:29:15,37.9514,-91.7713,80.01,57,1,14.97
91,Saint-Philippe,RE,2021-04-27 19:29:16,-21.3585,55.7679,75.2,88,75,4.61
92,Rio Pardo,BR,2021-04-27 19:29:16,-29.9897,-52.3781,73.72,29,0,5.28
93,Morondava,MG,2021-04-27 19:29:16,-20.2833,44.2833,79.97,78,0,6.33
94,Tokur,RU,2021-04-27 19:29:16,53.1333,132.9,35.78,93,100,3.0
95,Lisakovsk,KZ,2021-04-27 19:28:07,52.5369,62.4936,48.63,96,88,8.9
96,Caravelas,BR,2021-04-27 19:29:17,-17.7125,-39.2481,80.62,63,9,8.61
97,Florida,US,2021-04-27 19:28:20,28.7505,-82.5001,89.01,37,1,9.22
98,Codrington,AU,2021-04-27 19:29:17,-38.2667,141.9667,47.21,91,7,5.06
99,Dikson,RU,2021-04-27 19:29:17,73.5069,80.5464,32.09,97,100,16.55
100,Te Anau,NZ,2021-04-27 19:29:18,-45.4167,167.7167,34.95,87,89,1.68
101,San Quintin,MX,2021-04-27 19:29:18,30.4833,-115.95,56.89,75,99,1.99
102,Praxedis Guerrero,MX,2021-04-27 19:29:18,31.3667,-106.0167,77.0,12,40,13.8
103,Vaini,TO,2021-04-27 19:29:18,-21.2,-175.2,73.4,88,90,21.85
104,Cherskiy,RU,2021-04-27 19:29:19,68.75,161.3,10.98,94,34,6.93
105,Makakilo City,US,2021-04-27 19:29:19,21.3469,-158.0858,78.01,78,75,6.91
106,East London,ZA,2021-04-27 19:29:19,-33.0153,27.9116,64.4,68,0,8.05
107,Norman Wells,CA,2021-04-27 19:29:19,65.282,-126.8329,19.4,35,75,9.22
108,Altay,CN,2021-04-27 19:29:20,47.8667,88.1167,44.73,45,100,6.85
109,Saint George,US,2021-04-27 19:29:20,37.1041,-113.5841,57.99,58,20,5.75
110,Phuthaditjhaba,ZA,2021-04-27 19:29:20,-28.5242,28.8158,56.52,43,66,3.74
111,Avarua,CK,2021-04-27 19:29:20,-21.2078,-159.775,78.8,89,20,3.44
112,Fortuna,US,2021-04-27 19:29:21,40.5982,-124.1573,62.01,76,20,9.22
113,Bengkulu,ID,2021-04-27 19:29:21,-3.8004,102.2655,75.51,90,26,4.27
114,Alfeld,DE,2021-04-27 19:29:21,51.9838,9.8199,43.0,63,6,5.66
115,Khandbari,NP,2021-04-27 19:29:22,27.3747,87.2039,68.99,29,0,4.94
116,Tasiilaq,GL,2021-04-27 19:29:22,65.6145,-37.6368,35.6,80,75,4.61
117,Bredasdorp,ZA,2021-04-27 19:29:22,-34.5322,20.0403,59.0,82,100,3.44
118,Esso,RU,2021-04-27 19:29:22,55.9333,158.7,27.82,96,100,1.83
119,Constitucion,CL,2021-04-27 19:29:23,-35.3333,-72.4167,64.65,56,1,9.89
120,Kaihua,CN,2021-04-27 19:29:23,23.3687,104.28,63.21,96,100,3.67
121,Port Macquarie,AU,2021-04-27 19:26:29,-31.4333,152.9167,55.99,89,54,1.99
122,North Salt Lake,US,2021-04-27 19:29:23,40.8486,-111.9069,50.0,57,75,16.11
123,Faanui,PF,2021-04-27 19:29:23,-16.4833,-151.75,81.19,73,17,10.11
124,Kalmunai,LK,2021-04-27 19:29:24,7.4167,81.8167,80.15,82,96,6.46
125,New Norfolk,AU,2021-04-27 19:29:24,-42.7826,147.0587,48.0,90,68,3.36
126,Chuy,UY,2021-04-27 19:29:24,-33.6971,-53.4616,65.79,51,0,10.65
127,Mar Del Plata,AR,2021-04-27 19:29:12,-38.0023,-57.5575,69.01,52,20,8.05
128,Ulladulla,AU,2021-04-27 19:29:25,-35.35,150.4667,53.6,100,100,3.44
129,Yellowknife,CA,2021-04-27 19:25:07,62.456,-114.3525,14.0,52,20,13.8
130,Ostrovnoy,RU,2021-04-27 19:29:25,68.0531,39.5131,24.62,84,100,6.78
131,The Valley,AI,2021-04-27 19:29:25,18.217,-63.0578,84.2,65,75,14.97
132,Bridlington,GB,2021-04-27 19:29:25,54.0831,-0.1919,44.6,81,75,12.66
133,Camacha,PT,2021-04-27 19:29:26,33.0833,-16.3333,66.2,72,40,11.5
134,Bukama,CD,2021-04-27 19:29:26,-9.2,25.85,72.01,88,87,1.1
135,Fenoarivo,MG,2021-04-27 19:29:26,-18.933,47.4354,62.6,94,40,3.44
136,Maningrida,AU,2021-04-27 19:29:27,-12.0667,134.2667,74.86,96,100,7.47
137,Barrow,US,2021-04-27 19:29:27,71.2906,-156.7887,19.4,79,90,8.05
138,Rorvik,NO,2021-04-27 19:29:27,64.8621,11.2373,35.6,80,75,11.5
139,Luderitz,NA,2021-04-27 19:29:27,-26.6481,15.1594,60.73,86,5,8.95
140,Seydisehir,TR,2021-04-27 19:29:28,37.4193,31.8453,59.11,47,89,2.37
141,Husavik,IS,2021-04-27 19:29:28,66.0449,-17.3389,44.6,61,0,13.8
142,North Battleford,CA,2021-04-27 19:29:28,52.7834,-108.2847,41.0,38,20,13.8
143,Namibe,AO,2021-04-27 19:29:28,-15.1961,12.1522,76.41,70,6,13.33
144,Rozhyshche,UA,2021-04-27 19:29:29,50.9154,25.2691,39.0,61,12,1.01
145,Busselton,AU,2021-04-27 19:29:29,-33.65,115.3333,55.0,96,0,3.2
146,Roald,NO,2021-04-27 19:29:29,62.5833,6.1333,39.2,75,20,13.8
147,Terney,RU,2021-04-27 19:29:29,45.0503,136.6092,40.06,87,100,2.84
148,Sindor,RU,2021-04-27 19:29:30,62.8629,51.8905,38.01,92,100,1.07
149,Rafai,CF,2021-04-27 19:29:30,4.95,23.9167,70.14,91,98,1.83
150,Kawerau,NZ,2021-04-27 19:29:30,-38.1,176.7,50.94,81,100,2.71
151,Iza,UA,2021-04-27 19:29:30,48.2152,23.3287,45.0,53,40,2.3
152,Lincoln,US,2021-04-27 19:28:06,40.8,-96.667,73.99,46,1,21.85
153,Yeppoon,AU,2021-04-27 19:29:31,-23.1333,150.7333,62.6,77,0,6.91
154,Pechenga,RU,2021-04-27 19:29:31,69.5259,31.1703,30.2,64,0,3.44
155,Lavrentiya,RU,2021-04-27 19:29:31,65.5833,-171.0,26.47,85,100,2.06
156,Bathsheba,BB,2021-04-27 19:29:31,13.2167,-59.5167,84.2,54,20,17.27
157,Danielskuil,ZA,2021-04-27 19:29:32,-28.1887,23.5395,61.48,34,57,6.93
158,Cwmbran,GB,2021-04-27 19:29:32,51.6545,-3.0228,51.01,71,99,3.13
159,Pringsewu,ID,2021-04-27 19:29:32,-5.3582,104.9744,73.51,96,51,0.72
160,Karaton,ID,2021-04-27 19:29:33,-6.3424,106.1045,82.0,74,20,4.61
161,Abu Dhabi,AE,2021-04-27 19:25:57,24.4667,54.3667,91.4,51,0,4.61
162,Camocim,BR,2021-04-27 19:29:33,-2.9022,-40.8411,83.28,77,91,8.28
163,Manicore,BR,2021-04-27 19:29:33,-5.8092,-61.3003,82.98,85,100,2.75
164,Klyuchi,RU,2021-04-27 19:29:33,52.2667,79.1667,56.23,61,100,8.77
165,Ciudad Bolivar,VE,2021-04-27 19:29:34,8.1222,-63.5497,94.42,33,100,3.71
166,Ust-Nera,RU,2021-04-27 19:29:34,64.5667,143.2,15.28,96,100,3.18
167,Ola,RU,2021-04-27 19:29:34,59.5833,151.2833,18.93,85,10,5.61
168,Paso De Carrasco,UY,2021-04-27 19:29:34,-34.8603,-56.0522,66.2,55,40,6.91
169,Tulum,MX,2021-04-27 19:29:11,20.2167,-87.4667,91.4,46,40,14.97
170,Wanning,CN,2021-04-27 19:29:35,18.8003,110.3967,75.31,89,71,1.92
171,Tuktoyaktuk,CA,2021-04-27 19:29:35,69.4541,-133.0374,14.0,62,20,6.91
172,La Palma,US,2021-04-27 19:27:02,33.8464,-118.0467,66.99,48,40,10.36
173,Gat,IL,2021-04-27 19:29:35,31.61,34.7642,66.0,64,0,3.0
174,Bushehr,IR,2021-04-27 19:29:36,28.9684,50.8385,84.2,37,83,9.22
175,Arys,KZ,2021-04-27 19:29:36,42.4252,68.795,64.4,59,0,8.95
176,Touros,BR,2021-04-27 19:29:36,-5.1989,-35.4608,84.2,65,20,14.97
177,Porbandar,IN,2021-04-27 19:29:36,21.6422,69.6093,81.79,72,0,7.52
178,Cedar City,US,2021-04-27 19:29:37,37.6775,-113.0619,42.8,70,90,9.22
179,Chokurdakh,RU,2021-04-27 19:29:37,70.6333,147.9167,21.2,92,100,3.62
180,Sorland,NO,2021-04-27 19:29:37,67.667,12.6934,33.8,86,40,9.22
181,Hinesburg,US,2021-04-27 19:29:37,44.3292,-73.1107,59.0,18,40,5.75
182,Brigantine,US,2021-04-27 19:24:50,39.4101,-74.3646,69.01,63,1,8.05
183,Torbay,CA,2021-04-27 19:29:38,47.6666,-52.7314,48.2,93,90,10.36
184,Ribeira Brava,PT,2021-04-27 19:29:38,32.65,-17.0667,62.01,87,100,1.01
185,Provideniya,RU,2021-04-27 19:29:38,64.3833,-173.3,26.6,100,90,6.85
186,Date,JP,2021-04-27 19:29:39,42.4681,140.8681,42.85,64,100,2.08
187,Flin Flon,CA,2021-04-27 19:29:39,54.7682,-101.865,24.8,42,90,11.5
188,Hithadhoo,MV,2021-04-27 19:29:39,-0.6,73.0833,82.76,64,100,0.6
189,Esperance,AU,2021-04-27 19:29:39,-33.8667,121.9,55.4,100,40,4.61
190,Atar,MR,2021-04-27 19:29:40,20.5169,-13.0499,98.6,11,58,11.5
191,Surt,LY,2021-04-27 19:29:40,31.2089,16.5887,82.27,34,100,8.16
192,Zaragoza,ES,2021-04-27 19:29:40,41.6561,-0.8773,59.0,82,75,4.61
193,Laguna,US,2021-04-27 19:28:29,38.421,-121.4238,73.99,24,1,14.97
194,Hasaki,JP,2021-04-27 19:29:41,35.7333,140.8333,53.6,82,75,3.44
195,Hailar,CN,2021-04-27 19:29:41,49.2,119.7,33.93,68,100,19.13
196,Rocha,UY,2021-04-27 19:29:41,-34.4833,-54.3333,62.92,64,0,9.19
197,Cayenne,GF,2021-04-27 19:29:41,4.9333,-52.3333,78.8,89,75,3.44
198,Hirara,JP,2021-04-27 19:29:42,24.8,125.2833,72.27,69,100,9.64
199,Thalgau,AT,2021-04-27 19:29:42,47.8333,13.25,53.6,58,40,8.05
200,Asilah,MA,2021-04-27 19:29:42,35.465,-6.0348,64.4,77,20,6.91
201,Zhigansk,RU,2021-04-27 19:29:42,66.7697,123.3711,-2.25,97,19,6.38
202,Lenti,HU,2021-04-27 19:29:43,46.624,16.5386,46.99,58,100,1.68
203,Maputo,MZ,2021-04-27 19:29:43,-25.9653,32.5892,82.0,61,0,8.05
204,Sao Jose Da Coroa Grande,BR,2021-04-27 19:29:43,-8.8978,-35.1478,81.54,76,18,8.72
205,Drayton Valley,CA,2021-04-27 19:29:43,53.2168,-114.9854,30.0,76,100,7.25
206,Tarata,BO,2021-04-27 19:29:44,-17.6167,-66.0167,75.2,22,20,4.61
207,Asau,RO,2021-04-27 19:29:44,46.4333,26.4,39.0,61,100,3.49
208,Baruun-Urt,MN,2021-04-27 19:29:44,46.6806,113.2792,30.04,44,0,15.3
209,Katsuura,JP,2021-04-27 19:29:44,35.1333,140.3,55.4,76,20,8.05
210,Buala,SB,2021-04-27 19:29:45,-8.145,159.5921,79.21,84,100,4.21
211,Port Elizabeth,ZA,2021-04-27 19:26:15,-33.918,25.5701,62.6,77,40,10.36
212,Conceicao Do Araguaia,BR,2021-04-27 19:29:45,-8.2578,-49.2647,84.2,74,20,4.61
213,Grand Gaube,MU,2021-04-27 19:29:45,-20.0064,57.6608,78.01,83,100,5.01
214,Bambous Virieux,MU,2021-04-27 19:29:46,-20.3428,57.7575,78.01,88,75,14.97
215,Kourou,GF,2021-04-27 19:29:46,5.1552,-52.6478,78.8,89,75,3.44
216,Atascadero,US,2021-04-27 19:28:34,35.4894,-120.6707,64.99,37,0,5.37
217,Hilo,US,2021-04-27 19:29:31,19.7297,-155.09,78.8,61,1,6.91
218,Aksu,CN,2021-04-27 19:29:46,41.1231,80.2644,63.59,20,2,2.19
219,Santa Maria,BR,2021-04-27 19:29:47,-29.6842,-53.8069,69.8,46,20,4.61
220,Meulaboh,ID,2021-04-27 19:29:47,4.1363,96.1285,78.04,87,100,2.15
221,Vostok,RU,2021-04-27 19:29:47,46.4856,135.8833,41.9,53,100,4.23
222,Jijiga,ET,2021-04-27 19:29:47,9.35,42.8,69.12,63,99,8.72
223,Garowe,SO,2021-04-27 19:26:35,8.4054,48.4845,82.89,62,90,17.47
224,Severo-Kurilsk,RU,2021-04-27 19:29:48,50.6789,156.125,33.84,95,100,17.22
225,Solnechnyy,RU,2021-04-27 19:29:48,50.7214,136.6319,45.66,49,100,3.67
226,Korla,CN,2021-04-27 19:29:48,41.7597,86.1469,60.69,31,69,2.13
227,Zverinogolovskoye,RU,2021-04-27 19:29:48,54.4586,64.8542,48.45,80,100,2.53
228,Buguda,IN,2021-04-27 19:29:49,19.8167,84.8,80.87,80,17,2.62
229,Nantucket,US,2021-04-27 19:26:18,41.2835,-70.0995,53.6,54,1,20.71
230,Thunder Bay,CA,2021-04-27 19:29:49,48.4001,-89.3168,44.01,81,90,6.91
231,Kruisfontein,ZA,2021-04-27 19:29:49,-34.0033,24.7314,62.01,79,6,1.01
232,La Gomera,GT,2021-04-27 19:29:50,14.0833,-91.05,93.2,55,1,18.41
233,Port Keats,AU,2021-04-27 19:29:50,-14.25,129.55,76.59,87,100,7.11
234,Zhangjiakou,CN,2021-04-27 19:29:50,40.81,114.8794,45.16,30,2,11.63
235,Ancud,CL,2021-04-27 19:29:50,-41.8697,-73.8203,59.0,100,90,18.41
236,Shenzhen,CN,2021-04-27 19:28:55,22.5455,114.0683,75.99,99,93,3.98
237,Segezha,RU,2021-04-27 19:29:51,63.7415,34.3222,28.2,78,100,5.17
238,Umreth,IN,2021-04-27 19:29:51,22.7,73.1167,91.4,22,40,5.75
239,Sembakung,ID,2021-04-27 19:29:51,3.8167,117.25,72.79,99,63,1.1
240,Mildura,AU,2021-04-27 19:29:51,-34.2,142.15,42.8,81,0,1.14
241,Kununurra,AU,2021-04-27 19:29:52,-15.7667,128.7333,77.0,100,94,3.6
242,Khasan,RU,2021-04-27 19:29:52,42.4308,130.6434,45.63,96,100,1.14
243,Odienne,CI,2021-04-27 19:29:52,9.51,-7.5692,76.66,77,100,1.34
244,Chihuahua,MX,2021-04-27 19:29:28,28.5,-106.0,86.0,10,40,20.71
245,Vardo,NO,2021-04-27 19:29:53,70.3705,31.1107,28.4,86,75,10.36
246,Ribeira Grande,PT,2021-04-27 19:29:53,38.5167,-28.7,62.6,72,75,10.36
247,Necochea,AR,2021-04-27 19:29:53,-38.5473,-58.7368,73.0,51,10,8.99
248,Khatanga,RU,2021-04-27 19:29:53,71.9667,102.5,20.43,83,99,8.48
249,Pathalgaon,IN,2021-04-27 19:29:54,22.5667,83.4667,78.69,10,2,4.21
250,Vung Tau,VN,2021-04-27 19:29:54,10.346,107.0843,82.29,75,83,9.35
251,Ponta Do Sol,PT,2021-04-27 19:29:54,32.6667,-17.1,62.01,81,100,1.99
252,Port Hardy,CA,2021-04-27 19:29:54,50.6996,-127.4199,51.8,82,90,5.75
253,Businga,CD,2021-04-27 19:29:55,3.3333,20.8833,76.03,77,39,2.08
254,Martapura,ID,2021-04-27 19:29:55,-3.4167,114.85,78.8,94,90,5.75
255,Pitimbu,BR,2021-04-27 19:29:55,-7.4706,-34.8086,84.2,74,20,12.66
256,Shingu,JP,2021-04-27 19:29:55,33.7333,135.9833,59.59,85,100,4.7
257,Vila Velha,BR,2021-04-27 19:25:44,-20.3297,-40.2925,84.99,83,20,9.22
258,Santa Rosa,PH,2021-04-27 19:29:56,14.3122,121.1114,79.0,73,20,3.44
259,Kodiak,US,2021-04-27 19:27:00,57.79,-152.4072,42.8,87,90,23.02
260,Bodden Town,KY,2021-04-27 19:29:56,19.2833,-81.25,87.8,58,20,16.11
261,Tiksi,RU,2021-04-27 19:29:56,71.6872,128.8694,-3.17,99,68,7.56
262,Datong,CN,2021-04-27 19:24:57,40.0936,113.2914,43.12,32,3,9.46
263,Anuchino,RU,2021-04-27 19:29:56,43.9622,133.0544,50.43,83,100,9.22
264,Geraldton,AU,2021-04-27 19:29:57,-28.7667,114.6,57.2,82,32,4.61
265,Tevaitoa,PF,2021-04-27 19:29:57,-16.7833,-151.5,81.16,72,61,9.95
266,Bjelovar,HR,2021-04-27 19:29:57,45.8986,16.8489,48.2,87,90,5.75
267,Cabo San Lucas,MX,2021-04-27 19:25:12,22.8909,-109.9124,78.01,49,1,21.85
268,Surgut,RU,2021-04-27 19:26:09,61.25,73.4167,37.4,100,0,8.95
269,Ampere,BR,2021-04-27 19:29:58,-25.915,-53.4728,74.1,28,0,6.26
270,Kitimat,CA,2021-04-27 19:27:16,54.0524,-128.6534,45.0,94,100,4.56
271,Lebu,CL,2021-04-27 19:29:58,-37.6167,-73.65,61.54,79,64,5.97
272,Zeya,RU,2021-04-27 19:29:58,53.75,127.2667,38.68,94,14,4.52
273,Tucumcari,US,2021-04-27 19:29:59,35.1717,-103.725,73.4,14,20,27.63
274,Tougan,BF,2021-04-27 19:29:59,13.0667,-3.0667,96.22,24,89,12.33
275,Nabire,ID,2021-04-27 19:29:59,-3.3667,135.4833,77.11,89,94,1.16
276,Half Moon Bay,US,2021-04-27 19:29:59,37.4636,-122.4286,62.6,82,1,11.5
277,San Andres,CO,2021-04-27 19:29:26,12.5847,-81.7006,84.2,70,40,18.41
278,Port Lincoln,AU,2021-04-27 19:30:00,-34.7333,135.8667,61.56,69,99,4.9
279,Guerrero Negro,MX,2021-04-27 19:30:00,27.9769,-114.0611,65.82,55,5,13.53
280,Hambantota,LK,2021-04-27 19:30:00,6.1241,81.1185,80.6,100,40,9.19
281,Guapore,BR,2021-04-27 19:30:01,-28.8456,-51.8903,71.01,60,1,1.01
282,Lompoc,US,2021-04-27 19:30:01,34.6391,-120.4579,63.0,55,1,17.27
283,Mayo,US,2021-04-27 19:30:01,38.8876,-76.5119,84.0,53,1,6.91
284,Porto Nacional,BR,2021-04-27 19:30:03,-10.7081,-48.4172,80.6,83,75,5.75
285,Alofi,NU,2021-04-27 19:30:04,-19.0595,-169.9187,82.17,80,100,23.78
286,Alnavar,IN,2021-04-27 19:30:05,15.4333,74.7333,78.33,63,46,3.83
287,Zelenets,RU,2021-04-27 19:30:05,61.8849,50.7489,41.0,93,40,4.47
288,Nushki,PK,2021-04-27 19:30:05,29.5542,66.0215,80.04,19,100,2.13
289,Bognor Regis,GB,2021-04-27 19:30:06,50.7821,-0.6798,50.0,82,15,3.13
290,Novikovo,RU,2021-04-27 19:30:06,51.1537,37.8879,38.61,66,100,6.2
291,Walvis Bay,NA,2021-04-27 19:30:06,-22.9575,14.5053,64.4,72,0,3.44
292,Beaumont,US,2021-04-27 19:30:06,30.0861,-94.1019,80.6,74,75,12.66
293,Saint-Francois,FR,2021-04-27 19:30:07,46.4154,3.9054,60.8,48,0,2.3
294,Sarangani,PH,2021-04-27 19:30:07,5.4033,125.4636,82.09,75,100,11.97
295,Jieshi,CN,2021-04-27 19:30:07,22.8134,115.8257,71.74,90,100,7.58
296,Vwawa,TZ,2021-04-27 19:30:07,-9.1167,32.9333,60.6,96,100,2.86
297,Ahuimanu,US,2021-04-27 19:30:08,21.4447,-157.8378,75.99,78,75,3.44
298,Rio Gallegos,AR,2021-04-27 19:30:08,-51.6226,-69.2181,57.2,54,40,4.61
299,Morehead,US,2021-04-27 19:30:08,37.2711,-87.1764,82.4,23,1,16.11
300,Kenosha,US,2021-04-27 19:30:09,42.5667,-88.0501,80.01,44,90,6.91
301,Tual,ID,2021-04-27 19:30:09,-5.6667,132.75,83.05,64,69,6.15
302,San Vicente,AR,2021-04-27 19:30:09,-26.6167,-54.1333,68.56,37,0,4.09
303,Mugur-Aksy,RU,2021-04-27 19:30:09,50.35,90.5,30.42,84,93,6.85
304,Santa Cruz,BO,2021-04-27 19:30:04,-17.8,-63.1667,78.8,41,20,13.8
305,Grindavik,IS,2021-04-27 19:30:10,63.8424,-22.4338,44.6,87,75,9.22
306,Broken Hill,AU,2021-04-27 19:30:10,-31.95,141.4333,53.6,58,55,3.44
307,Chicama,PE,2021-04-27 19:30:10,-7.8447,-79.1469,68.0,77,75,14.97
308,Fort Nelson,CA,2021-04-27 19:30:11,58.8053,-122.7002,14.0,73,90,1.25
309,Pimenta Bueno,BR,2021-04-27 19:30:11,-11.6725,-61.1936,81.68,76,100,2.33
310,Noumea,NC,2021-04-27 19:29:27,-22.2763,166.4572,73.99,82,0,2.3
311,Tongliao,CN,2021-04-27 19:30:11,43.6125,122.2653,46.58,27,30,14.16
312,Alberton,CA,2021-04-27 19:30:11,46.8168,-64.0654,42.8,87,100,14.97
313,Fojnica,BA,2021-04-27 19:28:03,43.9625,17.8983,57.2,62,75,1.14
314,Havre-Saint-Pierre,CA,2021-04-27 19:30:12,50.2334,-63.5986,41.0,93,90,6.91
315,Sayan,PE,2021-04-27 19:30:12,-11.1361,-77.1933,76.87,59,92,7.83
316,Mineros,BO,2021-04-27 19:30:12,-17.1167,-63.2333,78.8,50,20,17.27
317,Ghanzi,BW,2021-04-27 19:30:13,-21.5667,21.7833,72.03,30,67,5.55
318,Alamos,MX,2021-04-27 19:30:13,27.0167,-108.9333,86.0,41,0,11.81
319,Verkhnevilyuysk,RU,2021-04-27 19:30:13,63.4453,120.3167,2.64,98,63,3.0
320,Ucluelet,CA,2021-04-27 19:30:13,48.9329,-125.5528,52.0,87,90,12.66
321,Hualmay,PE,2021-04-27 19:30:14,-11.0964,-77.6139,70.99,75,92,12.33
322,Platanos,GR,2021-04-27 19:30:14,37.6667,21.6167,64.4,59,40,10.36
323,Qaanaaq,GL,2021-04-27 19:30:14,77.484,-69.3632,38.46,90,100,6.2
324,Ust-Kuyga,RU,2021-04-27 19:30:14,70.0167,135.6,16.2,94,100,3.71
325,Victoria,HK,2021-04-27 19:29:15,22.2855,114.1577,75.0,91,90,9.24
326,Mocorito,MX,2021-04-27 19:30:15,25.4833,-107.9167,84.0,50,33,1.01
327,Tiarei,PF,2021-04-27 19:30:15,-17.5333,-149.3333,84.2,65,20,3.44
328,Benghazi,LY,2021-04-27 19:26:21,32.1167,20.0667,77.2,32,0,11.52
329,Taoudenni,ML,2021-04-27 19:30:15,22.6783,-3.9836,98.19,10,16,8.34
330,Andenes,NO,2021-04-27 19:30:16,69.3143,16.1194,33.8,80,75,8.05
331,Vestmannaeyjar,IS,2021-04-27 19:30:16,63.4427,-20.2734,46.4,71,0,19.57
332,Miri,MY,2021-04-27 19:30:16,4.4148,114.0089,75.2,94,40,3.44
333,Novobirilyussy,RU,2021-04-27 19:30:16,56.9514,90.6661,34.54,93,100,3.18
334,Eyl,SO,2021-04-27 19:30:17,7.9803,49.8164,83.88,70,4,8.7
335,Ekhabi,RU,2021-04-27 19:30:17,53.5102,142.9671,27.05,79,47,13.38
336,Eregli,TR,2021-04-27 19:30:17,37.5133,34.0467,59.58,37,6,3.94
337,Boueni,YT,2021-04-27 19:30:17,-12.9025,45.0761,82.4,78,20,6.91
338,Gualdo Tadino,IT,2021-04-27 19:30:18,43.2317,12.781,55.4,100,90,4.61
339,Bac Giang,VN,2021-04-27 19:27:26,21.2667,106.2,71.6,94,90,6.91
340,Marapanim,BR,2021-04-27 19:30:18,-0.7175,-47.6997,79.92,83,100,5.46
341,Paamiut,GL,2021-04-27 19:30:18,61.994,-49.6678,36.19,82,0,17.98
342,Ormara,PK,2021-04-27 19:30:19,25.2088,64.6357,81.86,70,29,3.0
343,Toro,CO,2021-04-27 19:30:19,4.6117,-76.0814,66.2,94,75,6.91
344,Cap-Aux-Meules,CA,2021-04-27 19:30:19,47.3821,-61.8597,41.0,87,100,10.36
345,Rosetta,EG,2021-04-27 19:30:19,31.4044,30.4164,64.4,77,0,9.22
346,Talcahuano,CL,2021-04-27 19:30:20,-36.7167,-73.1167,62.6,72,0,13.8
347,Lakatoro,VU,2021-04-27 19:30:20,-16.0999,167.4164,76.1,74,65,6.82
348,Nicoya,CR,2021-04-27 19:30:20,10.1483,-85.452,91.4,43,40,14.97
349,Puerto Escondido,MX,2021-04-27 19:30:20,15.85,-97.0667,87.8,66,20,6.91
350,Wattegama,LK,2021-04-27 19:30:21,6.7989,81.4808,80.6,100,40,2.62
351,Makat,KZ,2021-04-27 19:30:21,47.6469,53.3463,51.53,65,9,8.93
352,Nusaybin,TR,2021-04-27 19:30:21,37.0778,41.2178,69.8,32,0,9.22
353,San Ramon,US,2021-04-27 19:26:59,37.7799,-121.978,71.01,32,1,9.22
354,Gamba,GA,2021-04-27 19:30:22,-2.65,10.0,79.43,87,100,3.65
355,Oussouye,SN,2021-04-27 19:30:22,12.485,-16.5469,82.4,78,0,9.22
356,Clyde River,CA,2021-04-27 19:30:22,70.4692,-68.5914,28.4,74,75,14.97
357,Seminole,US,2021-04-27 19:25:29,28.7086,-81.2081,84.99,47,20,10.36
358,Nyurba,RU,2021-04-27 19:30:22,63.2842,118.3319,8.51,97,41,0.96
359,Dingle,PH,2021-04-27 19:30:23,10.9995,122.6711,76.39,86,97,6.38
360,Tecoanapa,MX,2021-04-27 19:30:23,16.5167,-98.75,88.45,52,1,12.84
361,Kazerun,IR,2021-04-27 19:30:23,29.6195,51.6541,74.41,23,48,2.8
362,Kuryk,KZ,2021-04-27 19:30:24,43.2,51.65,59.85,62,100,9.19
363,Grajewo,PL,2021-04-27 19:30:24,53.6473,22.4554,37.18,86,87,3.87
364,Tolbazy,RU,2021-04-27 19:30:24,54.0241,55.8825,44.01,70,40,11.18
365,Soyo,AO,2021-04-27 19:30:24,-6.1349,12.3689,78.53,84,99,3.91
366,Barranca,PE,2021-04-27 19:30:25,-10.75,-77.7667,69.35,77,99,10.2
367,Muslyumovo,RU,2021-04-27 19:30:25,55.3033,53.1947,42.76,85,95,11.1
368,Rabaul,PG,2021-04-27 19:30:25,-4.1967,152.1721,79.0,80,61,4.59
369,Quelimane,MZ,2021-04-27 19:30:25,-17.8786,36.8883,78.8,83,20,4.61
370,Hinton,CA,2021-04-27 19:30:26,53.4001,-117.5857,53.6,22,100,6.91
371,Le Port,RE,2021-04-27 19:30:26,-20.9373,55.2919,75.2,78,90,16.11
372,Port-Gentil,GA,2021-04-27 19:30:26,-0.7193,8.7815,82.4,78,40,9.22
373,Passau,DE,2021-04-27 19:30:26,48.5712,13.449,48.0,55,0,7.05
374,Khorramshahr,IR,2021-04-27 19:30:27,30.4397,48.1664,86.0,45,20,6.91
375,Bilibino,RU,2021-04-27 19:30:27,68.0546,166.4372,13.5,94,99,1.34
376,Nishihara,JP,2021-04-27 19:30:27,26.1842,127.7558,68.0,60,20,3.44
377,Lewisporte,CA,2021-04-27 19:30:27,49.2499,-55.0482,55.4,54,75,14.97
378,Vanimo,PG,2021-04-27 19:30:28,-2.6741,141.3028,77.34,87,44,2.62
379,Guadalupe Y Calvo,MX,2021-04-27 19:30:28,26.1,-106.9667,65.21,30,4,19.62
380,Manuk Mangkaw,PH,2021-04-27 19:30:28,4.8,119.85,83.1,70,10,4.27
381,Yamada,JP,2021-04-27 19:30:28,39.4667,141.95,45.19,67,75,5.68
382,Port Blair,IN,2021-04-27 19:30:29,11.6667,92.75,81.57,71,75,3.56
383,Twentynine Palms,US,2021-04-27 19:30:29,34.1356,-116.0542,64.4,34,40,17.27
384,Oranzherei,RU,2021-04-27 19:30:29,45.8476,47.5663,48.2,66,0,4.7
385,Port Moresby,PG,2021-04-27 19:30:29,-9.4431,147.1797,73.4,100,40,5.75
386,Pisco,PE,2021-04-27 19:30:30,-13.7,-76.2167,71.6,73,0,18.41
387,Kahului,US,2021-04-27 19:28:57,20.8947,-156.47,78.8,65,20,2.1
388,Battle Creek,US,2021-04-27 19:26:15,42.3212,-85.1797,79.0,41,1,12.66
389,Qui Nhon,VN,2021-04-27 19:26:31,13.7667,109.2333,78.57,85,95,2.57
390,Liverpool,GB,2021-04-27 19:29:44,53.4106,-2.9779,53.6,62,90,8.05
391,Mezen,RU,2021-04-27 19:30:30,65.8522,44.24,25.02,84,61,5.35
392,Komsomolskiy,UZ,2021-04-27 19:30:31,40.4272,71.7189,69.8,26,0,4.61
393,Olafsvik,IS,2021-04-27 19:30:31,64.8945,-23.7142,44.17,79,98,1.86
394,Cidreira,BR,2021-04-27 19:27:27,-30.1811,-50.2056,67.64,47,0,12.12
395,Yerbogachen,RU,2021-04-27 19:30:31,61.2767,108.0108,14.7,94,34,1.88
396,Wooster,US,2021-04-27 19:29:20,40.8051,-81.9351,80.6,32,1,19.57
397,Podgorenskiy,RU,2021-04-27 19:30:32,50.405,39.6429,41.0,80,100,8.37
398,Amalapuram,IN,2021-04-27 19:30:32,16.5833,82.0167,80.06,81,34,2.64
399,Baykit,RU,2021-04-27 19:30:32,61.67,96.37,23.68,96,20,3.09
400,Kharp,RU,2021-04-27 19:30:32,66.8014,65.8081,32.85,98,100,5.01
401,Mangrol,IN,2021-04-27 19:30:33,21.1167,70.1167,80.31,76,0,5.66
402,Kaseda,JP,2021-04-27 19:30:33,31.4167,130.3167,60.01,100,100,4.0
403,Bom Jardim,BR,2021-04-27 19:30:33,-7.7958,-35.5872,86.0,51,20,11.5
404,Ciudad Del Maiz,MX,2021-04-27 19:30:34,22.4,-99.6,87.01,34,98,3.24
405,Graaff-Reinet,ZA,2021-04-27 19:30:34,-32.2522,24.5308,63.0,54,100,3.2
406,Paredon,MX,2021-04-27 19:30:34,16.0333,-93.8667,87.3,63,45,9.46
407,Cockburn Town,TC,2021-04-27 19:30:35,21.4612,-71.1419,78.55,72,1,14.9
408,Manggar,ID,2021-04-27 19:30:35,-2.8833,108.2667,82.24,75,100,5.68
409,Ateptsevo,RU,2021-04-27 19:30:35,55.3236,36.75,37.4,81,75,11.18
410,Okha,RU,2021-04-27 19:30:35,53.5739,142.9478,27.3,79,46,13.24
411,Bandarbeyla,SO,2021-04-27 19:30:36,9.4942,50.8122,83.7,72,100,7.23
412,Deputatskiy,RU,2021-04-27 19:30:36,69.3,139.9,18.25,95,100,4.61
413,Vila Franca Do Campo,PT,2021-04-27 19:30:36,37.7167,-25.4333,59.0,88,75,10.36
414,Sangar,RU,2021-04-27 19:30:36,63.9242,127.4739,-1.95,99,50,4.56
415,Haicheng,CN,2021-04-27 19:30:37,40.8516,122.7475,45.99,58,0,7.99
416,Matara,LK,2021-04-27 19:30:37,5.9485,80.5353,78.57,88,54,5.37
417,Civitavecchia,IT,2021-04-27 19:30:37,42.0933,11.7967,53.01,96,100,4.14
418,Uglovskoye,RU,2021-04-27 19:30:37,51.3557,80.1942,54.45,51,86,14.07
419,High Prairie,CA,2021-04-27 19:30:38,55.4334,-116.4858,19.4,79,100,11.5
420,Pafos,CY,2021-04-27 19:30:06,34.7667,32.4167,64.4,88,20,3.44
421,Kieta,PG,2021-04-27 19:30:38,-6.2167,155.6333,78.49,81,92,3.62
422,Taltal,CL,2021-04-27 19:30:38,-25.4,-70.4833,65.41,71,34,5.06
423,Belaya Gora,RU,2021-04-27 19:30:39,68.5333,146.4167,20.37,93,99,3.58
424,Alyangula,AU,2021-04-27 19:30:39,-13.8483,136.4192,75.2,100,75,12.66
425,Kendari,ID,2021-04-27 19:30:39,-3.945,122.4989,74.86,93,26,1.86
426,Velikiy Ustyug,RU,2021-04-27 19:30:40,60.7644,46.3106,36.81,95,100,2.44
427,Vanavara,RU,2021-04-27 19:30:40,60.34,102.2797,17.49,94,21,2.13
428,Richards Bay,ZA,2021-04-27 19:30:40,-28.783,32.0377,73.72,86,30,14.43
429,Muzhi,RU,2021-04-27 19:30:40,65.3667,64.6667,33.69,89,89,12.17
430,Felipe Carrillo Puerto,MX,2021-04-27 19:30:41,19.5833,-88.05,93.45,37,1,10.22
431,Ushtobe,KZ,2021-04-27 19:30:41,45.2514,77.9838,60.62,34,6,5.19
432,Lixourion,GR,2021-04-27 19:30:41,38.2019,20.4314,64.0,64,100,3.0
433,Butterworth,MY,2021-04-27 19:30:41,5.3991,100.3638,80.6,89,40,2.75
434,South Yuba City,US,2021-04-27 19:30:42,39.1166,-121.6391,71.6,26,1,18.41
435,Udachnyy,RU,2021-04-27 19:30:42,66.4167,112.4,-0.47,98,38,4.83
436,Manyana,BW,2021-04-27 19:30:42,-23.4,21.7167,70.97,27,33,6.04
437,Raudeberg,NO,2021-04-27 19:30:43,61.9875,5.1352,41.0,73,6,19.15
438,Kashi,CN,2021-04-27 19:30:43,39.4547,75.9797,64.4,15,0,6.71
439,Brandon,US,2021-04-27 19:30:43,27.9378,-82.2859,89.01,45,75,3.44
440,Helong,CN,2021-04-27 19:30:43,42.5397,128.9972,45.91,79,100,11.54
441,Portland,US,2021-04-27 19:27:11,45.5234,-122.6762,61.0,67,75,1.34
442,Whitehorse,CA,2021-04-27 19:30:06,60.7161,-135.0538,28.4,37,75,4.61
443,Lethem,GY,2021-04-27 19:30:44,3.3803,-59.7968,82.4,78,40,11.5
444,Dudinka,RU,2021-04-27 19:30:44,69.4058,86.1778,32.32,93,100,17.34
445,Ailigandi,PA,2021-04-27 19:30:44,9.2333,-78.0167,82.36,68,94,13.69
446,Alugan,PH,2021-04-27 19:30:45,12.2188,125.4808,76.96,76,99,6.67
447,Haines Junction,CA,2021-04-27 19:30:45,60.7522,-137.5108,35.6,23,100,10.36
448,Calama,CL,2021-04-27 19:30:45,-22.4667,-68.9333,69.8,14,0,19.57
449,Ahipara,NZ,2021-04-27 19:30:45,-35.1667,173.1667,56.28,83,45,8.61
450,Williamsburg,US,2021-04-27 19:30:46,37.2707,-76.7075,86.0,32,1,12.66
451,Westport,US,2021-04-27 19:30:43,41.1415,-73.3579,64.0,38,1,13.8
452,Mengen,DE,2021-04-27 19:30:46,48.0495,9.3301,57.2,47,11,4.61
453,Talnakh,RU,2021-04-27 19:30:46,69.4865,88.3972,27.01,91,98,11.72
454,Vallenar,CL,2021-04-27 19:29:55,-28.5708,-70.7581,76.89,36,0,7.74
455,Jacupiranga,BR,2021-04-27 19:30:47,-24.6925,-48.0022,69.1,89,62,2.84
456,Coruripe,BR,2021-04-27 19:30:47,-10.1256,-36.1756,79.92,76,1,7.87
457,Abu Samrah,SY,2021-04-27 19:30:47,35.3029,37.1841,59.22,74,0,11.21
458,Banja Luka,BA,2021-04-27 19:30:47,44.7758,17.1856,48.99,100,90,3.44
459,Abha,SA,2021-04-27 19:28:59,18.2164,42.5053,59.0,72,0,5.75
460,Kurumkan,RU,2021-04-27 19:30:48,54.3,110.3,21.6,66,32,4.34
461,Tessalit,ML,2021-04-27 19:30:48,20.1986,1.0114,94.01,8,15,3.11
462,Seryshevo,RU,2021-04-27 19:30:48,51.0933,128.3786,42.42,77,96,4.83
463,College,US,2021-04-27 19:30:49,64.8569,-147.8028,39.99,28,90,12.66
464,Santiago,CL,2021-04-27 19:29:41,-33.4569,-70.6483,73.0,37,0,4.61
465,Ararat,AM,2021-04-27 19:30:49,39.8317,44.7049,64.4,48,100,16.11
466,Qixia,CN,2021-04-27 19:30:49,37.2975,120.8256,52.25,44,79,2.86
467,Nortelandia,BR,2021-04-27 19:30:49,-14.4547,-56.8028,84.38,58,20,2.44
468,Bairnsdale,AU,2021-04-27 19:30:50,-37.8333,147.6167,48.99,89,99,2.93
469,Fort Saint James,CA,2021-04-27 19:30:50,54.4333,-124.25,45.21,53,100,5.28
470,Puerto Narino,CO,2021-04-27 19:30:50,-3.7703,-70.3831,80.6,89,75,3.44
471,Pemangkat,ID,2021-04-27 19:30:51,1.1667,108.9667,76.78,90,100,6.49
472,Linqiong,CN,2021-04-27 19:30:51,30.4159,103.4609,62.6,94,40,6.71
473,Palmer,US,2021-04-27 19:30:51,42.1584,-72.3287,68.0,24,40,8.05
474,Gigmoto,PH,2021-04-27 19:30:51,13.7796,124.39,76.57,76,100,5.32
475,Saldanha,ZA,2021-04-27 19:30:52,-33.0117,17.9442,60.8,88,93,4.61
476,Broome,US,2021-04-27 19:30:52,42.2506,-75.833,71.01,32,1,3.44
477,Narsaq,GL,2021-04-27 19:30:52,60.9167,-46.05,46.4,57,20,4.61
478,Kushiro,JP,2021-04-27 19:30:52,42.975,144.3747,39.0,73,75,2.15
479,Awjilah,LY,2021-04-27 19:30:53,29.1081,21.2869,80.02,15,0,10.49
480,Teguise,ES,2021-04-27 19:30:53,29.0605,-13.564,69.8,68,40,3.44
481,Bereda,ES,2021-04-27 19:30:53,43.2686,-7.5406,53.01,90,100,10.0
482,Celestun,MX,2021-04-27 19:30:54,20.8667,-90.4,90.37,51,5,9.84
483,Srednekolymsk,RU,2021-04-27 19:30:54,67.45,153.6833,18.37,85,87,3.44
484,Buraydah,SA,2021-04-27 19:30:54,26.326,43.975,86.0,30,40,4.61
485,Pirovskoye,RU,2021-04-27 19:30:54,57.6267,92.2658,30.7,95,64,2.98
486,Hornepayne,CA,2021-04-27 19:30:55,49.2138,-84.7705,39.83,80,100,3.62
487,Harper,LR,2021-04-27 19:30:55,4.375,-7.7169,81.1,81,66,8.57
488,Seoul,KR,2021-04-27 19:28:30,37.5683,126.9778,53.6,87,40,5.75
489,Padang,ID,2021-04-27 19:30:55,-0.9492,100.3543,75.92,92,100,6.46
490,Kemlya,RU,2021-04-27 19:30:55,54.6963,45.2424,34.11,84,8,7.74
491,Weinan,CN,2021-04-27 19:30:56,34.5036,109.5089,50.0,81,0,4.47
492,Yuci,CN,2021-04-27 19:30:56,37.6803,112.7319,41.0,42,0,2.24
493,Requena,ES,2021-04-27 19:30:56,39.4883,-1.1004,60.01,84,100,4.94
494,Plettenberg Bay,ZA,2021-04-27 19:30:56,-34.0527,23.3716,61.72,85,98,5.1
495,Lazaro Cardenas,MX,2021-04-27 19:30:02,17.9583,-102.2,85.93,49,7,10.69
496,Wanxian,CN,2021-04-27 19:30:57,30.8039,108.3897,65.93,89,100,3.85
497,Balikpapan,ID,2021-04-27 19:30:57,-1.2675,116.8289,75.27,90,92,3.15
498,Tallahassee,US,2021-04-27 19:28:04,30.4383,-84.2807,87.01,42,40,10.36
499,Bosaso,SO,2021-04-27 19:30:57,11.2842,49.1816,81.5,71,65,22.41
500,Khor,RU,2021-04-27 19:30:58,47.8861,134.9464,49.82,84,100,5.99
501,Winnemucca,US,2021-04-27 19:30:58,40.973,-117.7357,50.0,46,20,9.22
502,General Roca,AR,2021-04-27 19:30:58,-39.0333,-67.5833,71.6,53,0,5.75
503,Longyearbyen,SJ,2021-04-27 19:30:58,78.2186,15.6401,17.6,57,75,2.3
504,Karymskoye,RU,2021-04-27 19:30:59,51.6167,114.35,25.41,57,15,9.73
505,Lata,PT,2021-04-27 19:30:59,40.1629,-8.3327,63.0,86,60,4.0
506,Halifax,CA,2021-04-27 19:27:45,44.6453,-63.5724,46.99,76,90,18.41
507,Sassandra,CI,2021-04-27 19:30:59,4.95,-6.0833,80.82,84,64,7.56
508,Namatanai,PG,2021-04-27 19:31:00,-3.6667,152.4333,78.69,83,44,7.36
509,Vysokopillya,UA,2021-04-27 19:31:00,47.4919,33.5306,37.4,87,75,8.95
510,Aksarka,RU,2021-04-27 19:31:00,66.5606,67.7975,32.41,98,100,7.16
511,Lindsay,US,2021-04-27 19:31:00,36.203,-119.0882,66.99,51,1,5.75
512,Beloha,MG,2021-04-27 19:31:01,-25.1667,45.05,73.8,67,5,4.54
513,Tenenkou,ML,2021-04-27 19:31:01,14.4572,-4.9169,98.31,8,3,5.08
514,Manono,CD,2021-04-27 19:31:01,-7.3,27.4167,70.79,94,99,3.09
515,Shimoda,JP,2021-04-27 19:31:01,34.6667,138.95,61.0,57,91,15.46
516,Kavaratti,IN,2021-04-27 19:31:02,10.5669,72.642,83.93,75,1,6.51
517,Hay River,CA,2021-04-27 19:30:46,60.8156,-115.7999,12.2,56,82,10.36
518,Jackson,US,2021-04-27 19:31:02,42.4165,-122.8345,63.0,47,1,2.82
519,Myre,NO,2021-04-27 19:31:02,69.1036,15.9492,33.8,80,75,8.05
520,Rodrigues Alves,BR,2021-04-27 19:31:03,-7.738,-72.6509,78.8,83,90,4.61
521,Quatre Cocos,MU,2021-04-27 19:31:03,-20.2078,57.7625,78.01,88,75,14.97
522,El Alto,PE,2021-04-27 19:31:03,-4.2714,-81.2147,82.4,57,0,19.57
523,Coahuayana,MX,2021-04-27 19:31:03,18.7333,-103.6833,89.6,33,40,11.5
524,Amapa,BR,2021-04-27 19:31:04,1.0,-52.0,80.85,86,99,2.55
525,Antalaha,MG,2021-04-27 19:31:04,-14.9003,50.2788,73.8,90,57,5.5
526,Port-Cartier,CA,2021-04-27 19:31:04,50.0334,-66.8654,43.0,100,75,10.36
527,Yulara,AU,2021-04-27 19:31:05,-25.2406,130.9889,55.4,47,0,9.22
528,Temir,KZ,2021-04-27 19:31:05,49.1414,57.13,49.93,69,100,11.81
529,Elblag,PL,2021-04-27 19:31:05,54.1522,19.4088,39.99,71,8,2.75
530,Comodoro Rivadavia,AR,2021-04-27 19:27:07,-45.8667,-67.5,73.4,33,0,18.41
531,Bolshaya Glushitsa,RU,2021-04-27 19:31:05,50.2406,43.5908,43.0,70,100,1.01
532,Baie-Comeau,CA,2021-04-27 19:30:27,49.2168,-68.1489,48.2,71,90,13.8
533,Salta,AR,2021-04-27 19:31:06,-24.7859,-65.4117,68.0,52,40,6.91
534,Marzuq,YE,2021-04-27 19:31:06,14.4,46.4667,71.65,71,100,1.3
535,Lastoursville,GA,2021-04-27 19:31:07,-0.8143,12.7287,74.55,96,100,2.26
536,Doha,QA,2021-04-27 19:28:00,25.2867,51.5333,84.99,65,0,6.91
537,Flers,FR,2021-04-27 19:31:07,48.7372,-0.5747,48.2,81,0,3.44
538,Paracuru,BR,2021-04-27 19:31:07,-3.41,-39.0306,82.99,71,12,13.0
539,Laguna De Duero,ES,2021-04-27 19:31:07,41.5815,-4.7233,53.01,87,20,9.22
540,Waipawa,NZ,2021-04-27 19:31:08,-41.4122,175.5153,48.2,76,90,2.3
541,Mlonggo,ID,2021-04-27 19:31:08,-6.5333,110.7,77.7,85,41,3.65
542,Rawson,AR,2021-04-27 19:31:08,-43.3002,-65.1023,72.28,31,100,8.61
543,Praia,CV,2021-04-27 19:31:08,14.9215,-23.5087,73.4,68,40,17.27
544,Eagle Pass,US,2021-04-27 19:29:14,28.7091,-100.4995,80.6,69,40,8.05
545,Bedele,ET,2021-04-27 19:31:09,8.456,36.353,58.91,87,95,2.75
546,Jiaxing,CN,2021-04-27 19:31:09,30.7522,120.75,64.4,88,75,4.47
547,Una,IN,2021-04-27 19:31:09,20.8167,71.0333,82.18,51,0,1.83
548,New Pitsligo,GB,2021-04-27 19:31:10,57.5948,-2.1961,44.01,60,100,8.01
549,Kargasok,RU,2021-04-27 19:31:10,59.0556,80.8572,37.71,91,74,8.05
550,San Patricio,US,2021-04-27 19:31:10,28.017,-97.5169,81.0,78,90,17.27
551,Nykoping,SE,2021-04-27 19:31:10,58.753,17.0079,42.8,52,0,9.22
552,Prince Albert,CA,2021-04-27 19:31:11,53.2001,-105.7677,35.6,38,90,11.5
553,Emerald,AU,2021-04-27 19:31:11,-23.5333,148.1667,59.0,77,0,4.61
554,Manavgat,TR,2021-04-27 19:31:11,36.7867,31.4431,66.2,72,0,4.61
555,Lubumbashi,CD,2021-04-27 19:31:11,-11.6609,27.4794,62.76,92,87,2.13
556,Micheweni,TZ,2021-04-27 19:31:12,-4.9667,39.8333,78.66,84,14,7.2
557,Odda,NO,2021-04-27 19:31:12,60.0691,6.5457,45.0,60,20,1.01
558,San Cristobal,VE,2021-04-27 19:26:51,7.7669,-72.225,75.2,100,75,2.3
559,Nome,US,2021-04-27 19:31:12,64.5011,-165.4064,37.4,65,1,3.44
560,Terrace Bay,CA,2021-04-27 19:31:13,48.7834,-87.1,44.6,65,90,4.61
561,Ajdabiya,LY,2021-04-27 19:31:13,30.7554,20.2263,79.75,16,0,13.04
562,Norrtalje,SE,2021-04-27 19:31:13,59.758,18.705,39.2,65,0,3.44
563,Labuhan,ID,2021-04-27 19:31:13,-6.8844,112.2051,76.14,87,40,6.62
